Alto LTs,Men LTs,Soprano LTs,Mic Recordings All,Phone Recordings Men,PIANO Phone Recordings Men
LT-Alto-Chain-Reaction.mp3,LT-Men-Chain-Reaction.mp3,LT-Soprano-Chain-Reaction.mp3,MIC-All-Chain-Reaction.mp3,PHONE-Men-Chain-Reaction.m4a,PIANO-Phone-Men-Chain-Reaction.mp3
LT-Alto-Ho-Hey.mp3,,,MIC-All-Ho-Hey.mp3,PHONE-Men-Ho-Hey.m4a,
LT-Alto-Jesus-Promised.mp3,LT-Men-Jesus-Promised.mp3,LT-Soprano-Jesus-Promised.mp3,,,
LT-Alto-Lovely-Day.mp3,,LT-Soprano-Lovely-Day.mp3,,,
LT-Alto-My-Life-is-in-Your-Hands.mp3,LT-Men-My-Life-is-in-Your-Hands.mp3,LT-Soprano-My-Life-Is-In-Your-Hands.mp3,,PHONE-Men-My Life Is In Your Hands.m4a,
LT-Alto-No-Ways-Tired.mp3,LT-Men-No-Ways-Tired.mp3,LT-Soprano-No-Way-Tired.mp3,,,
LT-Alto-O-Holy-Night.mp3,LT-Men-o-Holy-Night.mp3,LT-Soprano-O-Holy-Night.mp3,,,
LT-Alto-Put-a-Little-Love-in-your-Heart.mp3,LT-Men-Put-a-Little-Love-in-Your-Heart.mp3,LT-Soprano-Put-a-Little-Love-in-Your-Heart.mp3,,,
,,LT-Soprano-Rudolf-the-Red-Nose-Reindeer.mp3,,,
LT-Alto-Silent-Night.mp3,LT-Men-Silent-Night.mp3,LT-Soprano-Silent-Night.mp3,,,
LT-Alto-Strong-Hold.mp3,LT-Men-Strong-Hold.mp3,LT-Soprano-Strong-Hold.mp3,,,
LT-Alto-War-is-Over.mp3,LT-Men-War-is-Over.mp3,LT-Soprano-War-is-Over.mp3,,,
LT-Alto-Winter-Wonderland.mp3,LT-Men-Winter-Wonderland.mp3,LT-Soprano-Winter-Wonderland.mp3,,,
,,,MIC-All-Aint-No-Mountain.mp3,PHONE-Men-Aint-No-Mountain.m4a,
,,,MIC-All-Drift-Away.mp3,PHONE-Men-Drift-Away.m4a,
,,,MIC-All-Money-Money-Money.mp3,,
,,,MIC-All-No-Place-I'd-Rather-Be.mp3,,
,,,MIC-All-Roar.mp3,,PIANO-Phone-Men-Roar.mp3
,,,MIC-All-Something-Inside-Tips.mp3,,PIANO-Phone-Men-SomethingInside.mp3
,,,MIC-All-Something-Inside+Acapella.mp3,PHONE-Men-Something-Inside.m4a,
,,,,,PIANO-Phone-Men-This-Little-Light.mp3
